,Product Name,Original Price,Sale Price,Rating,Product Code,Percentage Off
0,"MASTER Chef Bakeware Set, 7-pc",129.99,49.99,4.7,142-5488-2,38.0
1,"Energizer Max Alkaline AAA Batteries, 24-pk",26.99,22.89,4.9,065-3167-2,85.0
2,"Gatorade Perform Sports Drink Variety Pack, 24 x 591-ml",22.79,18.99,4.5,053-5202-4,83.0
3,"Castrol EDGE 10W30 Synthetic Engine/Motor Oil, 5-L",78.99,42.99,4.7,028-9214-4,54.0
4,"VitaLife Chicken Tenders Dog Treats, 750-g",26.99,24.29,4.7,142-1048-4,90.0
5,"Mastercraft Heavy Duty Stackable Storage Box with Lid, 102-L, Black/Blue",26.99,14.99,4.6,142-6045-0,56.0
6,"VitaLife Sweet Potato & Duck Twists Dog Treats, 750-g",26.99,24.29,4.8,142-2554-2,90.0
7,"type A Transparent Stackable Storage Box with Lid, 72-L",19.99,11.99,4.0,142-2842-6,60.0
8,"Gatorade G2 Perform Sports Drink Variety Pack, 24 x 591-ml",22.79,18.99,4.5,053-5203-2,83.0
9,"Energizer Max Alkaline AA Batteries, 36-pk",26.99,22.89,4.9,065-3168-0,85.0
10,"FRANK Extra-Large Twist-Tie Contractor Garbage Bags, 40-pk, Black, 135-L",29.99,23.99,4.7,042-8595-6,80.0
11,"Bounce Dryer Sheets, Fresh Linen, 200-pk",10.99,9.99,4.7,153-0612-0,91.0
12,"Vileda Oskar Broom with Dustpan, Angle Broom & Ecofibre",12.99,11.69,4.6,042-9807-8,90.0
13,"Mastercraft Heavy Duty Stackable Storage Box with Lid, 70-L, Black/Blue",21.99,13.99,4.6,142-2822-4,64.0
14,"Mastercraft Heavy Duty Storage Box with Wheels and Latched Lid, 210-L, Black/Blue",54.99,37.99,4.2,142-1294-6,69.0
15,"Mastercraft Tinted Transparent Heavy Duty Storage Box with Latched Lid, Assorted Sizes",19.99,15.99,4.5,142-1677X,80.0
16,"PADERNO Richmond Satin Stainless Steel Flatware Set, Serves 4, 20-pc",129.99,49.99,4.4,142-3403-6,38.0
17,"Keurig Folgers Morning Cafe® Light Roast K-Cup® Coffee Pods, 336-g, 48-pk",27.99,24.99,4.7,153-2526-4,89.0
18,"sWheat Scoop Wheat-Based Natural Multi-Cat Clumping Cat Litter, 11.3-kg",34.99,31.49,3.6,142-6520-8,90.0
19,"Keurig Folgers Lively Colombian Medium Roast K-Cup® Coffee Pods, 432-g, 48-pk",27.99,24.99,4.7,153-2529-8,89.0
20,"Keurig Starbucks Dark Roast Verona K-Cup® Coffee Pods, 288-g, 24-pk",24.49,19.99,4.7,153-4008-6,82.0
21,"Pine-Sol Lavender Multi-Surface Cleaner and Deodorizer, 4.25-L",16.99,15.29,4.6,153-0511-0,90.0
22,"VitaLife Duck Tenders Dog Treats, 400-g",15.99,14.39,4.8,142-1934-4,90.0
23,"sWheat Scoop Wheat-Based Natural Fast Clumping Cat Litter, 11.3-kg",29.99,26.99,4.1,142-6521-6,90.0
24,"Castrol GTX 10W30 Conventional Engine/Motor Oil, 5-L",56.99,30.99,4.7,028-9205-6,54.0
25,"Castrol EDGE High Mileage 5W20 Synthetic Engine/Motor Oil, 5-L",83.99,45.99,4.9,028-9957-6,55.0
26,"VitaLife Sweet Potato & Duck ReciPe Twists Dog Treats, 400-g",15.99,14.39,4.7,142-4086-4,90.0
27,"PADERNO Richmond Polished Stainless Steel Flatware Set, Serves 4, 20-pc",129.99,49.99,4.7,142-3402-8,38.0
28,"Bounce Dryer Sheets Free & Gentle, Unscented, 200-pk",10.99,9.99,4.4,153-0782-4,91.0
29,"PADERNO Laurier 20pc Stainless Steel Flatware Set, Serves 4",129.99,49.99,4.8,142-2871-6,38.0
30,"Castrol EDGE 5W20 Synthetic Engine/Motor Oil, 5-L",72.99,39.99,4.7,028-9252-2,55.0
31,"type A Transparent Stackable Storage Box with Lid, 39-L",14.99,9.99,3.8,142-9652-6,67.0
32,"MASTER Chef Stainless Steel Mixing Bowl Set with Non-Slip Bottom, Assorted Sizes, 3-pc",41.99,19.99,4.8,142-9677-8,48.0
33,"FRANK Extra-Small Organic Compostable Food Waste Bags, 100-pk, Clear, 10-L",13.99,10.99,4.5,142-1591-8,79.0
34,"SpongeTowels Utra Pro Double Roll Paper Towel, 6-pk",19.99,12.99,4.7,153-1235-2,65.0
35,"TUFF Store Stackable Storage Box with Lid, 72-L, Red",16.99,9.49,3.6,142-2841-8,56.0
36,"Castrol EDGE SYNTEC 0W40 Synthetic Engine/Motor Oil, 5-L",79.99,43.99,4.7,028-9912-2,55.0
37,"type A Stackable Storage Box with Lid, 63-L, Blue",14.99,7.99,3.8,042-4608-2,53.0
38,"CANVAS Emery Rectangular Hand Woven Storage Basket, 14.57 x 12 x 12-in",29.99,23.99,4.6,142-9039-8,80.0
39,"Cashmere Ultra Luxe Mega Bathroom Tissue, 12 Rolls = 48 Rolls",21.99,12.99,4.0,153-1776-4,59.0
40,"Castrol EDGE 0W20 Synthetic Engine/Motor Oil, 5-L",72.99,39.99,4.7,028-9910-6,55.0
41,"Castrol EDGE Extended Performance 5W20 Synthetic Engine/Motor Oil, 5-L",90.99,49.99,4.6,028-9484-0,55.0
42,"CANVAS Brynn Rectangular Hand Woven Storage Basket, 14.5 x 11.8 x 5.9-in",20.99,16.79,4.9,142-9037-2,80.0
43,"Windex Original Glass and Window Cleaner Refill, 2-L",9.99,8.99,4.7,053-0680-4,90.0
44,"NOMA 16-pk AAA Alkaline Batteries, Long Lasting, All Purpose",16.99,10.19,4.3,065-1707-0,60.0
45,"Purina® Tidy Cats® Lightweight Free & Clean Multi-Cat Clumping Cat Litter, Unscented, 2.72-kg",14.99,13.49,4.2,142-5682-8,90.0
46,"Certified Premium Heavy Duty Poly Tarp, Waterproof, 12-ft x 16-ft",59.99,24.99,4.3,040-5079-8,42.0
47,"Castrol GTX ULTRACLEAN 5W30 Conventional Engine/Motor Oil, 5-L",56.99,30.99,4.7,028-9204-8,54.0
48,"T-fal Viva Saucepan, Non-Stick, Dishwasher & Oven Safe, Black, 2qt",69.99,19.99,4.2,142-4810-0,29.0
49,"Castrol GTX ULTRACLEAN 5W20 Conventional Engine/Motor Oil, 5-L",56.99,30.99,4.7,028-9251-4,54.0
50,"For Living Ergonomic Ventilated Memory Foam Pillow with Coolmax Cover, Standard, 25-in x 16-in",79.99,24.99,4.1,046-6873-8,31.0
51,"MASTER Chef Stainless Steel Bake Prep Set, 12-pc",39.99,19.99,4.1,042-2930-4,50.0
52,"Mastercraft 8-Outlet Power Bar with 6-ft Cord, Circuit Breaker and Lighted Switch, Yellow/Black",45.99,18.39,4.5,052-7261-2,40.0
53,"Clorox Multi-Purpose Liquid Concentrated Bleach, Original, 3.57-L",7.49,6.74,4.7,153-1335-4,90.0
54,"Scotts Turf Builder Quick + Thick™ Sun & Shade Grass Seed & Fertilizer Mix, 4-kg",59.99,49.99,3.5,159-1224-6,83.0
55,"Bounce Dryer Sheets, Outdoor Fresh Scent, 200-pk",10.99,9.99,4.7,153-0616-2,91.0
56,"simplicité Regular 4-Flap Ties Outdoor Garbage Bags, 80-pk, Black, 74-L",15.99,9.59,3.6,042-8383-0,60.0
57,"Clorox 2® Laundry Detergent Stain Fighter, Orignal Scent, 82-Load, 3.3-L",19.99,17.99,4.9,153-1099-6,90.0
58,MAXIMUM Heavy-Duty Aluminum 1200 Lumens LED Spotlight,99.99,39.99,4.7,037-3182-2,40.0
59,"SpongeTowels Ultra Choose-A-Size Paper Towel, 2-ply, 6-pk",19.99,12.99,4.7,153-0402-0,65.0
60,"Milk-Bone Multi Flavour Snacks Dog Treats, 6.5 kg",21.49,19.34,4.3,042-9928-0,90.0
61,"Castrol EDGE High Mileage 0W20 Synthetic Engine/Motor Oil, 5-L",83.99,45.99,4.9,028-9956-8,55.0
62,"Mobil Delvac™ 5W40 Synthetic Diesel Engine/Motor Oil, 3.78-L",51.99,43.99,4.9,028-9939-0,85.0
63,"Mastercraft Outdoor Extension Cord with Grounded Outlet and Lighted End, Yellow",58.99,38.34,4.6,052-2319X,65.0
64,"For Living Super Soft Microfibre Pillows, Standard/Queen, 28-in x 20-in, 2-pk",34.99,19.99,4.0,046-6966-8,57.0
65,"NOMA A19 E26 Base Household Non-Dimmable LED Light Bulbs, 2700K, 800 Lumens, Warm White, 60W, 6-pk",19.49,9.99,2.5,052-7055-4,51.0
66,"Mastercraft Heavy Duty Stackable Storage Box with Hinged Lid, 132-L, Black/Blue",29.99,19.99,3.2,142-2821-6,67.0
67,"FRANK Large Swift-Tie Recycling Bags, Blue Transparent, 30-pk, 90-L",8.99,6.49,4.7,042-9825-4,72.0
68,"Nabob 100% Columbian Medium Roast K-Cup® Coffee Pods, 546-g, 56-pk",31.99,28.99,4.6,153-2431-8,91.0
69,"Castrol EDGE 5W40 Synthetic Engine/Motor Oil, 5-L",78.99,42.99,4.7,028-9225-8,54.0
70,"Castrol EDGE High Mileage 5W30 Synthetic Engine/Motor Oil, 5-L",83.99,45.99,4.9,028-9958-4,55.0
71,"SIMONIZ Platinum XL Microfibre Towels, 14 x 18-in, Multi-colour, 30-pk",30.99,25.99,4.1,039-3643-2,84.0
72,"Castrol EDGE Extended Performance 5W30 Synthetic Engine/Motor Oil, 5-L",90.99,49.99,4.8,028-9482-4,55.0
73,"Heritage The Rock Aluminum Traditional Wok Stir Fry Pan, Non-Stick, 30cm",139.99,34.99,4.6,142-4974-0,25.0
74,"FRANK Giant Outdoor Garbage Bags, 30-pk, Clear, 184-L",14.99,11.24,4.7,142-5243-4,75.0
75,"MASTER Chef Stainless Steel Mixing Bowls with Plastic Lids, 3-pk",36.99,18.49,4.1,042-2994-2,50.0
76,"Vida by PADERNO Glass Clip Lid Food Storage Container Set Leakproof, 20-pc",69.99,34.99,3.8,142-4978-2,50.0
77,"CANVAS Cube Fabric Drawer Basket, Dark Grey & White Borders, 10.5 x 11-in",10.99,8.79,4.8,068-9599-2,80.0
78,"LavAzza Esspresso Italiano Coffee Beans, 1-kg",27.79,23.79,4.4,153-2581-0,86.0
79,"MASTER Chef Preseasoned Cast Iron Frying Pan, Oven Safe, Black, 30.4cm",119.99,29.99,4.6,142-3931-8,25.0
80,"Castrol EDGE 5W50 Synthetic Engine/Motor Oil, 5-L",78.99,42.99,4.7,028-9213-6,54.0
81,"Lagostina Ticino Frying Pan Non-Stick, Dishwasher & Oven Safe, Black, 34-cm",99.99,29.99,4.2,142-8822-8,30.0
82,"FRANK All-Purpose Machine Washable Cleaning Cloths, Green, 60-pk",11.99,7.19,4.6,142-6359-4,60.0
83,"SIMONIZ Microfibre Multi-Purpose Edgeless Towels, 12 x 12-in, Multi-colour, 50-pk",35.99,28.79,4.3,039-6557-0,80.0
84,"NOMA PAR16 GU10 Base Dimmable LED Flood Light Bulbs, 400 Lumens, Soft White, 50W, 6-pk",31.99,19.19,3.7,052-0928-0,60.0
85,"SnapLock Plastic Food Storage Container Set with Airtight Seal, 40-pc",69.99,34.99,4.2,142-3941-4,50.0
86,"FRANK Extra-Large Swift-Tie Recycling Bags, 20-pk, Clear, 135-L",8.99,6.99,4.5,042-9721-0,78.0
87,"Castrol EDGE Extended Performance 0W20 Synthetic Engine/Motor Oil, 5-L",90.99,49.99,4.9,028-9483-2,55.0
88,"Certified Adjustable 4-Shelf Resin/ Plastic Storage Rack/ Shelving Unit, 36 x 14 x 54.5-in",59.99,39.99,3.5,068-4410-0,67.0
89,"KeurigStarbucks Pike Place Medium Roast K-Cup® Coffee Pods, 300-g, 24-pk",24.49,19.99,4.6,153-2231-4,82.0
90,"Serta Polar Breeze Memory Foam Gel Fibre Pillow with Pillow Cover, Standard/Queen, 20-in x 28-in",59.99,39.99,4.1,046-9300-4,67.0
91,"T-fal Viva Jumbo Cooker, Non-Stick, Dishwasher & Oven Safe, Black, 5qt",119.99,29.99,4.4,042-0048-8,25.0
92,"Mastercraft Heavy Duty Stackable Storage Box with Lid, 45-L, Black/Blue",15.99,9.99,4.9,142-9648-8,62.0
93,"NOMA 24-pk AAA Alkaline Batteries, Long Lasting, All Purpose",22.99,13.79,4.5,065-1759-6,60.0
94,Yardworks Dry Seal Zinc Adjustable Rear-Trigger Garden Water Hose Pistol Nozzle,24.99,19.99,3.8,059-7583-2,80.0
95,"CANVAS Cube Fabric Drawer Basket, Assorted Colours, 13 x 13-in",11.99,9.59,4.8,068-7181X,80.0
96,Fiskars Pro Bypass Pruner,29.99,14.99,4.5,059-6115-4,50.0
97,"NOMA 32-pk AA Alkaline Batteries, Long Lasting, All Purpose",25.99,15.59,4.8,065-1758-8,60.0
98,"NOMA PAR20 E26 Base Non-Dimmable LED Flood Light Bulbs, 5000K, 500 Lumens, Daylight, 50W, 6-pk",34.99,17.49,4.6,052-9495-4,50.0
99,"Scotts Turf Builder All Purpose Grass Seed Mix, 5-kg",64.99,49.99,3.8,059-2991-0,77.0
100,"PADERNO Professional Uncoated Aluminum Half Baking Sheet, 18 x 13-in",49.99,29.99,4.7,142-4874-8,60.0
101,Heritage The Rock Diamond Frying Pan,99.99,29.99,4.2,142-4991X,30.0
102,"Clorox Clean Up Cleaner & Bleach Spray, Fresh Scent, 946-mL",4.99,4.49,4.8,153-1420-0,90.0
103,"Castrol EDGE 5W30 Synthetic Engine/Motor Oil, 5-L",72.99,39.99,4.7,028-9212-8,55.0
104,"T-fal Viva Dutch Oven Non-Stick, Dishwasher & Oven Safe, Black, 5qt",99.99,29.99,4.0,142-9108-4,30.0
105,"FRANK Large Outdoor Unscented Garbage Bags, 100-pk, 42.5L",19.99,14.44,3.9,142-4609-2,72.0
106,"FRANK Broom with Dustpan & Handle, 49-in",13.49,7.99,3.9,142-3430-0,59.0
107,Vileda EasyWring Spin Mop & Bucket System,44.99,39.75,4.4,142-0400-0,88.0
108,"CANVAS Wren Rectangular Wire & Fabric Basket, Assorted Sizes",15.99,12.79,4.6,142-9042X,80.0
109,"MASTER Chef Glass Food Storage Container Set with Airtight Lid, 4-pc",29.99,11.99,4.5,142-9322-2,40.0
110,"Armor All Auto Surface Car Cleaning Wipes, 30-pk",11.99,10.79,4.7,039-0492-8,90.0
111,"type A Stainless Steel Gullwing Drying Rack, 61.5 x 20 x 38.5-in",69.99,48.99,4.3,042-8835-6,70.0
112,"Certified Light Duty Poly Tarp, Waterproof, 20-ft x 28-ft",50.99,39.99,3.5,040-5077-2,78.0
113,"NOMA 24-pk AA Alkaline Batteries, Long Lasting, All Purpose",20.99,12.49,4.2,065-1703-8,60.0
114,"FRANK Tall Organic Compostable Food Waste Bags, 10-pk, 49-L",5.99,4.49,4.5,053-4165-8,75.0
115,"MAXIMUM 25-ft 14/3 Outdoor Extension Cord with 3 Grounded Outlets, Lighted End and Locking Connector, Hi-Visibility",67.99,33.99,4.8,052-8484-6,50.0
116,FoodSaver® BPA-Free Multi-Pack Vacuum-Seal Rolls,65.99,49.99,4.9,043-0161-4,76.0
117,"NOMA A19 E26 Base Household Non-Dimmable LED Light Bulbs, 5000K, 800 Lumens, Daylight, 60W, 6-pk",19.49,9.99,3.3,052-7056-2,51.0
118,"NOMA 16-ft 5-in 16/3 Outdoor Extension Cord with 3 Grounded Outlets, Orange",23.99,15.59,4.7,052-2485-0,65.0
119,"Mastercraft Heavy Duty Stackable Storage Box with Hinged Lid, 170-L, Black/Blue",39.99,24.99,3.6,142-2059-2,62.0
120,"type A Clarity Transparent Stackable Under the Bed Storage Box with Lid and Wheels, 64-L",39.99,27.99,3.5,142-9645-4,70.0
121,"type A 3-Tier Vertical Collapsible Drying Rack, 23.5 x 20.5 x 58-in",42.99,29.99,4.0,142-4015-4,70.0
122,Type A 4-ShelvesRust-Resistant Adjustable Tension Pole Shower Caddy,47.99,31.99,4.2,063-6500-4,67.0
123,"Keurig Starbucks® True North Blonde Roast Mellow & Soft K-Cup® Coffee Pods, 288-g, 24-pk",24.49,19.99,4.7,153-2230-6,82.0
124,"Reflex Perfect Fit All Season Wiper Blades, 2-pk, Assorted Sizes",54.99,49.99,4.3,021-1912X,91.0
125,"Scotties House & Home Facial Tissue, 2-Ply, 126 Sheets, 12-pk",19.99,12.99,3.6,153-0757-6,65.0
126,"Mastercraft Heavy Duty Tilt & Tow Storage Box with Wheels and Latched Lid, 95-L, Black/Blue",49.99,34.99,4.3,142-1281-6,70.0
127,"Castrol GTX 20W50 Conventional Engine/Motor Oil, 5-L",56.99,30.99,4.7,028-9207-2,54.0
128,"T-fal Viva Aluminum Frying Pan Non-stick, Dishwasher & Oven Safe, Black",39.99,11.99,4.5,042-0043X,30.0
129,"Mobil Delvac™ 1300 Super CK-4 15W40 Conventional Diesel Engine/Motor Oil, 3.78-L",45.99,38.99,4.6,028-9937-4,85.0
130,"Mastercraft Smooth-Surface Push Broom with Steel Handle, 24-in",36.99,29.59,3.8,042-7993-4,80.0
131,"Woods™ Gibbous Solar/Rechargeable LED Camping Light/Lantern w/ USB Port, 200 Lumen, Large",37.99,28.49,4.4,076-6118-6,75.0
132,"CANVAS Cube Fabric Drawer Basket, White and Grey Stripes, 10.5 x 10.5 x 10.9-in",10.99,8.79,4.8,068-0479-2,80.0
133,"T-fal Giant Aluminum Frying Pan Non-stick, Dishwasher & Oven Safe, Black, 34cm",84.99,24.99,4.3,142-7079-4,29.0
134,"For Living Everyday Comfort Super Soft Microfibre Pillow, Standard/Queen, 28-in x 20-in",16.99,10.99,4.2,046-7511-4,65.0
135,"NOMA 82-ft 16/2 Outdoor Extension Cord with Lighted end & Locking Connector, Lime Green",56.99,36.99,4.3,052-9668-4,65.0
136,"type A Gullwing Drying Rack, 53.1-in x 19.75-in x 35.5-in",49.99,34.99,3.9,042-8805-8,70.0
137,"Outbound Men's Shore Closed Toe Hiking Shoes/Sandals with Durable Outsole, Taupe/Gold",59.99,44.99,3.7,187-0291X,75.0
138,"SealWrap Plastic Wrap, 1000-ft",24.99,19.99,4.6,053-3062-8,80.0
139,"Outbound Women's Shore Closed-Toe Hiking Shoes/Sandals with Durable Outsole, Grey",59.99,44.99,4.3,187-1510X,75.0
140,"Castrol GTX High Mileage 5W30 Synthetic-Blend Engine/Motor Oil, 5-L",70.99,38.99,4.7,028-9239-6,55.0
141,"VitaLife Chicken Tenders Dog Treats, 400-g",15.99,14.39,4.8,142-4087-2,90.0
142,"Scotts EZ Seed 3-in-1 Patch & Repair Grass Seed & Fertilizer Mix, 1-0-0, 4.5-kg",49.99,44.99,3.4,059-6363-2,90.0
143,"Certified Standard Bungee Cord Kit, Assorted Sizes, 26-pk",27.99,24.99,4.5,040-3091-8,89.0
144,"Mastercraft Rough-Surface Push Broom with Steel Handle, 24-in",44.99,34.99,3.9,042-7995-0,78.0
145,"Arctic Power Cold Water Liquid Laundry Detergent, Assorted Scents, 88-Load, 3.96-L",11.99,5.99,4.2,153-1554X,50.0
146,"Castrol GTX High Mileage 5W20 Synthetic-Blend Engine/Motor Oil, 5-L",70.99,38.99,4.7,028-9249-2,55.0
147,"ClosetMaid Modular Shelf & Hang Rod Kit, White",49.99,39.99,4.0,068-7159-2,80.0
148,"FRANK Roasted & Salted Cocktail Peanuts, 750-g",8.99,5.99,3.8,051-5019-6,67.0
149,"Yardworks Dry Seal Adjustable 9-Pattern Garden Watering Wand/Hose Nozzle, 55-in",31.99,24.99,3.7,059-0818-8,78.0
150,"CANVAS Cube Fabric Drawer Basket, White and Grey Tiled, 10.5 x 10.5 x 11-in",10.99,8.79,4.2,068-0494-4,80.0
151,"PADERNO Signature Smart Stacking Ceramic Bakeware, Red, Assorted Sizes, 4-pc",99.99,49.99,3.7,142-4996-8,50.0
152,"MotoMaster Non-Chlorinated Brake Parts Cleaner, 390-g",13.99,11.89,4.4,038-0098-0,85.0
153,"Bluehive 120W Inverter, with Dual USB",69.99,34.99,3.6,011-1945-0,50.0
154,"Scotts EZ Seed 3-in-1 Patch & Repair Grass Seed & Fertilizer Mix, 1-0-0, 1.71-kg",24.99,19.99,3.3,059-6344-8,80.0
155,"Woods™ Flair High Output LED Camping Headlamp,1200 mAh, 250 Lumen",37.99,28.49,4.5,076-3628-0,75.0
156,"Outbound Women's Shore Sandal with a Contoured Footbed, Black",59.99,44.99,4.8,187-3540X,75.0
157,"Turtle Wax Hybrid Solutions 3-in-1 Car Ceramic Detailer Spray, 946-mL",23.99,21.59,4.1,039-0549-6,90.0
158,"Sta-Bil Storage Fuel Stabilizer Treatment, 946-mL",20.99,18.89,4.8,038-0908-4,90.0
159,"Yardworks Dry Seal 8-Pattern Thumb Control Garden Watering Wand/Hose Nozzle, 16-in",24.99,19.99,3.7,059-1464-2,80.0
160,Vileda ProMist Max Microfibre Spray Mop,31.99,28.79,4.0,142-4620-2,90.0
161,"Drano Pro Strength Max Gel Drain Cleaner & Clog Remover, 2.3-L",10.99,9.89,4.0,053-4138-4,90.0
162,"Woods™ Valo Reachargeable LED Camping Headlamp, w/ USB Cable, 90 Lumen",23.99,17.99,4.0,076-5995-2,75.0
163,"Purina® Tidy Cats® Lightweight Multi-Cat Clumping Cat Litter with Glade® Clear Springs™, 2.72-kg",14.99,13.49,4.3,142-5651-2,90.0
164,"T-fal Jumbo Wok Pan with Glass Lid, Non-Stick, Dishwasher & Oven Safe, 36cm",139.99,34.99,4.7,142-5766-0,25.0
165,"Maxwell House House Blend Medium Roast K-Cup® Coffee Pods, 585-g, 60-pk",31.99,28.99,4.5,153-2119-4,91.0
166,"Outbound Men's Shore Closed-Toe Hiking Shoes/Sandals with Durable Outsole, Black/Green",59.99,44.99,3.9,187-0285X,75.0
167,"FRANK All-Purpose Machine Washable Microfibre Cloths, Grey, 10-pk",16.99,9.99,4.7,142-1560-2,59.0
168,"Planters Salted Cashews Tin, 200-g",7.99,5.99,4.5,051-4116-0,75.0
169,"PADERNO Ceramic Roaster Set, Grey, 15 x 8.5-in, 2-pk",69.99,34.99,4.4,142-9565-4,50.0
170,"CANVAS Heidi Hand Woven Basket, Assorted Sizes",39.99,31.99,4.4,142-9053X,80.0
171,"Castrol GTX 10W40 Conventional Engine/Motor Oil, 5-L",56.99,30.99,4.7,028-9206-4,54.0
172,"CANVAS Meg Rectangular Hand Woven Storage Basket, 12 x 8 x 5.1-in",15.99,12.79,4.7,142-9038-0,80.0
173,"type A Accordion Drying Rack, 20.9 x 14.5 x 40.9-in, Silver",36.99,24.99,4.3,142-7039-0,68.0
174,"Armor All Car Tire Foam Protectant Spray, 567-g",12.99,11.69,4.3,039-2901-4,90.0
175,"LavAzza Tierra Organic For Planet Coffee Beans, 1-kg",27.79,23.79,4.2,153-2582-8,86.0
176,Clorox King Liquid Disinfectant Laundry Bleach 2.4-L,5.99,5.39,4.6,153-0009-8,90.0
177,"Purina Beneful® Originals Beef Adult Dry Dog Food, 12.7-kg",48.99,43.99,4.2,042-7927-4,90.0
178,"AutoTrends Waterproof Pet Hammock Back Seat Protector, Black",49.99,34.99,4.3,032-0153-0,70.0
179,"Purina Beneful® Originals Chicken Adult Dry Dog Food, 12.7-kg",48.99,43.99,4.1,042-7297-2,90.0
180,"Mothers Car Rubber, Vinyl & Plastic Protectant Spray, 710-mL",22.99,20.69,4.8,039-2536-4,90.0
181,"Keurig Starbucks French Roast K-Cup® Coffee Pods, 288-g, 24-pk",24.49,19.99,4.5,153-2232-2,82.0
182,"Mothers Back to Black Car Trim & Plastic Restoration Spray,",16.99,15.29,4.2,039-0768-4,90.0
183,"Petco Fellow Feline Hooded Igloo Cat Bed, Washable, 15.5-in x 15.5-in, Grey",29.99,26.99,4.8,142-4961-0,90.0
184,"Woods™ Gibbous Solar/Rechargeable LED Camping Light/Lantern w/ USB Port, 150 Lumen, Small",29.99,22.49,4.5,076-6117-8,75.0
185,Starfrit Securimax Stainless Steel Can Opener,24.99,14.99,4.3,042-1021-4,60.0
186,"Power Service 3016-09 Diesel Kleen & Cetane Boost, Injector Cleaner & Performance Improver, 473-mL",13.99,12.59,4.8,038-8048-2,90.0
187,"ClosetMaid Modular Shelf & Hang Rod Kit, Taupe",49.99,39.99,2.0,068-7160-6,80.0
188,"NOMA PAR16 GU10 Base Dimmable LED Flood Light Bulbs, 5000K, 450 Lumens, Daylight, 50W, 6-pk",34.99,17.49,3.6,052-9321-8,50.0
189,"LavAzza Qualita Oro Roasted Coffee Beans, 1-kg",27.79,23.79,4.7,153-2580-2,86.0
190,"FRANK Small Swift-Tie Recycling Bags, 48-pk, Green Transparent, 25-L",7.99,6.39,4.3,042-9830-0,80.0
191,"Armor All Ultra Shine Car Wash & Wax, 1.89-L",20.99,18.89,4.6,039-4562-8,90.0
192,"type A Plastic Rectangular Swing Lid Garbage Can, Black/Grey, 25-L",25.99,19.49,4.0,142-4673-6,75.0
193,"All-Purpose Push Broom with Metal Handle, 18-in",24.99,14.99,3.7,042-9434-4,60.0
194,"Clorox Toilet Bowl Cleaner Clinging Gel with Bleach, 709-mL",3.49,3.14,4.7,153-0397-2,90.0
195,"MASTER Chef Terry Cotton Bar Mop Dishcloths, Reusable, 12-in x 12-in, 8-pk, White",9.99,4.99,4.5,042-1791-0,50.0
196,"Scotts Turf Builder Quick + Thick™ Shade Grass Seed & Fertilizer Mix, 1.2-kg",23.99,19.99,4.0,159-1226-2,83.0
197,"Tide 3 in 1 Laundry Detergent Pods, Original Scent, 31-pk",11.49,9.99,4.4,153-0094-2,87.0
198,"CANVAS Finn Rectangular Fabric Basket, Grey Chevron, 7 x 13.5 x 10.5-in",18.99,15.19,4.7,142-9048-6,80.0
199,Vileda Bee Mop Classic Reusable Wringer Mop,24.99,22.49,3.1,042-9532-0,90.0
200,"Mothers VLR Car Vinyl, Leather & Rubber Cleaner, Conditioner & Protectant Spray, 710-mL",15.99,14.39,4.5,039-2521-8,90.0
201,"Mothers Car Rubber, Vinyl & Plastic Protectant Spray, 473-mL",15.99,14.39,4.8,039-2541-0,90.0
202,"CANVAS Kelly Rectangular Hand Woven Storage Basket, 15.5 x 8 x 10-in",32.99,26.39,5.0,142-9036-4,80.0
203,"Starfrit Anti-Slip Silicone Digital LCD Display Bathroom Scale/Weight Scale, Grey",44.99,24.99,3.9,063-6306-8,56.0
204,"Vida by PADERNO Glass Clip Lid Food Storage Container Set Leakproof, 3-pc, 970-mL",34.99,19.99,4.3,142-4973-2,57.0
205,"Milk-Bone Flavour Snack Mini Dog Treats, 850-g",5.29,4.76,4.7,142-6456-2,90.0
206,"SuperClean Tough Task Car Cleaner and Degreaser Refill, 3.78L",32.99,29.69,4.7,039-2964-4,90.0
207,"For Living Folding Storage Ottoman/Bench With Padded Seat, Espresso Brown",79.99,44.99,4.4,068-0884-6,56.0
208,"Scotts Turf Builder Quick + Thick™ Sun & Shade Grass Seed & Fertilizer Mix, 1.2-kg",23.99,19.99,3.4,159-1223-8,83.0
209,"T-fal Cook N'Serve Casserole Dish, Non-Stick, Dishwasher & Oven Safe, 5qt",119.99,29.99,4.4,142-2408-2,25.0
210,type A Bath Caddy,29.99,19.99,3.3,063-4809-4,67.0
211,"Power Service Diesel Kleen & Cetane Boost, assorted sizes",18.99,17.09,4.8,038-0766X,90.0
212,"Starfrit Digital LCD Display Glass Bathroom Scale/Weight Scale with Backlight, White",37.99,19.99,4.2,063-6241-0,53.0
213,"Scotts Nature Scapes Colour Enhanced Mulch, 42.5-L, Sierra Red",5.49,4.49,4.3,159-0019-2,82.0
214,"Clorox Automatic Toilet Bowl Cleaner Puck with Bleach, 100-g",3.99,3.59,4.6,153-1422-6,90.0
215,"CANVAS Lucy Rectangular Woven Natural Material Storage Basket, 13 x 8.6 x 7-in",30.99,24.79,4.4,142-1297-0,80.0
216,"Outbound Women's Slip-on Water Shoes, Pink/Black",21.99,18.69,4.1,187-0411X,85.0
217,"NOMA PAR20 E26 Base Non-Dimmable LED Flood Light Bulbs, 2700K, 500 Lumens, Warm White, 50W, 6-pk",34.99,17.49,3.5,052-9494-6,50.0
218,"Scotts Turf Builder Quick + Thick™ Sun Grass Seed & Fertilizer Mix, 1.2-kg",23.99,19.99,3.7,159-1225-4,83.0
219,"MotoMaster Digital Battery Tester/Analyzer, 12V",59.99,47.99,4.6,011-3020-8,80.0
220,"Castrol GTX High Mileage 10W30 Synthetic-Blend Engine/Motor Oil, 5-L",70.99,38.99,4.7,028-9238-8,55.0
221,"SIMONIZ 2-in-1 Car Wash & Wax, 3.78-L",22.99,18.39,4.5,039-4530-4,80.0
222,"Scotts Turf Builder Shade Grass Seed For Thick Durable Lawns, 1-kg",19.99,16.99,4.3,059-2992-8,85.0
223,"Keurig Folgers Intensely Dark Roast K-Cup® Coffee Pods, 504-g, 48-pk",27.99,24.99,4.4,153-2528-0,89.0
224,"Scotts Nature Scapes Colour Enhanced Mulch, 42.5-L, Brown",5.49,4.49,4.2,159-0021-4,82.0
225,"CANVAS Della Oval Woven Natural Material Storage Basket, 19.6 x 11.4 x 8-in",30.99,24.79,4.6,142-1295-4,80.0
226,"Vida by PADERNO Glass Clip Food Storage Container Set with Compartments, Leakproof, 6-pc",41.99,24.99,3.2,142-4986-2,60.0
227,"Scotts Turf Builder All Purpose Grass Seed Mix, 1-kg",19.99,16.99,3.6,059-2990-2,85.0
228,"IAMS Healthy Adult Lamb & Rice ReciPe Dry Dog Food, 6.9-kg",31.99,28.79,4.5,042-1913-2,90.0
229,Prestone All Vehicles Concentrated Anti-Freeze/Coolant with Cor-Guard 3.78-L,23.99,20.39,4.6,029-3020-8,85.0
230,PADERNO Silicone Non-Stick Baking Sheet,24.99,14.99,4.6,142-9644-6,60.0
231,"CANVAS Market Round Hand Woven Basket, 15.75 x 17.71-in",30.99,24.79,4.2,142-2252-0,80.0
232,"Tide 4 in 1 Laundry Detergent Pods with Ultra Oxi, Original Scent, 23-pk",11.49,9.99,4.5,153-0776-0,87.0
233,"Mothers Back to Black Car Tire Shine Spray, 710-mL",16.99,15.29,4.6,039-0760-0,90.0
234,"IRWIN 2078300 Vise-Grip 10-24 Gauge Self Adjusting Wire Stripper, ProTouch™ Grip Handles, 8-in",39.99,29.99,4.2,058-1691-2,75.0
235,"type A Wire Gullwing Drying Rack, 48.8 x 21.7 x 40.2-in, White",29.99,19.99,3.3,142-4643-8,67.0
236,"IAMS™ PROACTIVE HEALTH™ Indoor Weight & Hairball Care Salmon Recipe Dry Cat Food, 3.18-kg",26.49,23.84,4.8,142-9957-2,90.0
237,"Yukon Gear Thompson Hunting Duffle Bag, Camouflage, 130-L",69.99,49.99,4.7,275-9317-0,71.0
238,"CANVAS Sanford Rectangular Flex Wood Basket, Black, 15.7 x 13 x 10.6-in",25.99,20.79,3.9,142-9040-2,80.0
239,"Tide 3 in 1 Laundry Detergent Pods, Spring Meadow Scent, 31-pk",11.49,9.99,4.4,153-0115-4,87.0
240,"Tide Simply Clean & Fresh Liquid Laundry Detergent, Refreshing Breeze Scent, 89-Load, 3-78-L",11.99,9.99,4.3,053-2901-8,83.0
241,"Vim Bathroom Cleaner Spray, 950-mL",4.99,4.49,4.5,053-5390-4,90.0
242,"Armor All All-Purpose Car Wash, 1.89-L",18.99,17.09,4.0,039-6176-6,90.0
243,"Woods™ Apollo Battery-Powered LED Camping Headlamp, Water Resistant, 200 Lumen",22.99,16.99,3.1,076-6116-0,74.0
244,"IAMS Proactive Health™ Healthy Weight Adult Dry Dog Food, 6.8-kg",31.99,28.79,4.4,042-5215-0,90.0
245,SIMONIZ Flow-Through 5SDWash Brush with 56-in Extendable HandleSuper soft bristle Attaches to a standard garden hose.,48.99,39.19,3.3,039-8253-0,80.0
246,"Outbound Women's Flora Waterproof Patterned Rubber Rain Boots, Black",54.99,38.49,3.6,187-2247X,70.0
247,"TrustyPup Travel Easy Explorer™ Travel Pet Carrier, Airline Approved, 18-in x 11-in x 10.5-in",54.99,49.49,4.6,142-6157-4,90.0
248,"PADERNO Signature Cordierite Ceramic Square Pizza Stone, 14-in",79.99,47.99,3.3,142-4901-4,60.0
249,"Stoner Invisible Glass Premium Car Glass Cleaner Spray, 539-g",10.99,9.89,4.7,039-0432-2,90.0
250,"SIMONIZ Wash Enhances Adjustable Foam Gun, Blue, 900-mL, 4-pc",57.99,46.39,3.8,039-0530-8,80.0
251,"Keurig Tim Hortons Hot Chocolate Smooth & Creamy K-Cup® Pods, 360-g, 20-pk",20.99,18.99,4.5,153-1143-0,90.0
252,"Milk-Bone Soft & Chewy Beef Steak Dog Treats, 708-g",11.49,10.34,4.5,142-0159-6,90.0
253,"IAMS Proactive Health Urinary Tract Health with Chicken Adult Dry Cat Food, 3.2-kg",26.49,23.84,4.6,142-5678-0,90.0
254,"PADERNO Professional Uncoated Aluminum Round Cake Pan, 6-in",26.99,14.99,4.8,142-9699-6,56.0
255,"CANVAS Piper Rectangular Fabric Basket, Assorted Colours, 13.4 x 11 x 9-in",12.99,10.39,4.7,142-2272-2,80.0
256,"SIMONIZ Multi-Purpose Edgeless Towels, 13-3/4 x 13-3/4-in, Multi-colour, 14-pk",17.99,14.39,4.4,039-6676-6,80.0
257,"Mastercraft Full Autoranging Digital Multimeter with 11 Functions and Auto Power Off After 15-mins, Blue",72.99,36.49,4.0,052-0052-2,50.0
258,Raleigh High Visibility Water Bottle with Bike Cage,28.99,24.59,1.7,073-0579-0,85.0
259,"Scotts Turf Builder Pro Lawn Fertilizer, 800-m2",44.99,39.99,4.2,059-8888-2,89.0
260,"Tide Simply Cold Water Liquid Laundry Detergent, Daybreak Fresh Scent, 74-Load, 3.4-L",11.99,9.99,4.7,053-2913-0,83.0
261,Fluid Film Rust and Corrosion Prevention,19.99,17.99,4.8,038-1140X,90.0
262,Prestone 50/50 Premixed Anti-Freeze/Coolant for All Vehicles 3.78-L,21.99,18.69,4.6,029-3023-2,85.0
263,"MASTER Chef Plastic Stackable Measuring Cup Set, 10-pc",24.99,11.99,4.0,142-9676-0,48.0
264,"Starfrit Balance Electronic Glass Bathroom Scale/Weight Scale, Silver",37.99,21.99,3.7,063-8725-8,58.0
265,"Petco Classic Dog/Pet Kennel, Lockable, 20-in",39.99,35.99,4.4,142-4773-8,90.0
266,"Outbound Men's Slip-on Water Shoes, Grey/Black",21.99,18.69,3.9,187-0405X,85.0
267,"Madesmart Plastic Drawer Organizer Tray/Box For Kitchen/Home Storage, 9.75 x 6.75-in",8.99,6.99,4.9,142-2197-2,78.0
268,"Scotts Nature Scapes Colour Enhanced Mulch, 42.5-L, Classic Black",5.49,4.49,4.0,159-0020-6,82.0
269,"NOMA A19 E26 Base Non-Dimmable LED Light Bulbs, 2700K, 1550 Lumens, Warm White, 100W, 2-pk",13.49,9.99,4.2,052-7043-2,74.0
270,"Mothers Foaming Car Wheel/Rim & Tire Cleaner Spray, 710-mL",15.99,14.39,3.9,039-0743-2,90.0
271,"IAMS Proactive Health Lively Senior Plus Dry Cat Food with Chicken, 3.2-kg",26.49,23.84,4.7,142-5029-6,90.0
272,"Mothers California Gold Car Wax Spray, 710-mL",15.99,14.39,4.7,039-2845-8,90.0
273,"Purina® Tidy Cats® Lightweight 4-in-1 Strength Multi-Cat Clumping Cat Litter, 2.72-kg",14.99,13.49,3.8,142-5653-8,90.0
274,"Certified Standard Duty Orange Poly Tarp, for High Visibility, 10-ft x 12-ft",14.99,13.49,4.2,040-5000-4,90.0
275,"Scotts Turf Builder Sun Grass Seed For Thick Durable Lawns, 1-kg",19.99,16.99,4.1,059-2993-6,85.0
276,"Mastercraft 3-ft 12/3 Outdoor Extension Cord with 3 Grounded Outlets and Lighted End, Yellow",23.99,15.59,4.7,052-2313-0,65.0
277,Starfrit Pump'N'Slice Chopper & Slicer,44.99,26.99,4.3,142-5845-2,60.0
278,"Madesmart Plastic Drawer Organizer Tray/Box For Kitchen/Home Storage, 9.75 x 3.75-in",6.49,4.99,4.7,142-2199-8,77.0
279,"IAMS Proactive Health Hairball Care Adult Dry Cat Food, 3.2-kg",26.49,23.84,4.6,042-7925-8,90.0
280,"Madesmart Kitchen Utensil Drawer Organizer Tray/Holder, Grey",11.49,8.99,4.7,142-6009-8,78.0
281,"Mobil ATF D/M Automatic Transmission Fluid, Assorted Sizes",13.99,12.59,4.7,028-1553X,90.0
282,"Mothers Mag & Aluminum Polish, 283-g",18.99,17.09,4.9,039-3668-4,90.0
283,"CANVAS Tess Curved Hand Woven Storage Basket, 16 x 12 x 15-in",39.99,31.99,4.8,142-9056-6,80.0
284,"Certified Extreme Heavy Duty TPO Tarp, Waterproof, 6-ft x 8-ft",53.99,37.79,4.7,040-5115-2,70.0
285,"Mobil ATF DEXRON-VI Automatic Transmission Fluid, Assorted Sizes",13.99,12.59,4.6,028-1555X,90.0
286,K&N Filter Care Service Kit,29.99,23.99,4.6,041-0100-4,80.0
287,"Adam's Polishes GrapheneCar Tire Dressing Spray, 473-mL",24.99,22.49,4.7,039-0847-6,90.0
288,"Vida by PADERNO Glass Clip Lid Food Storage Container Leakproof, 485-mL, 3-pk",24.99,14.99,4.7,142-4975-8,60.0
289,"Woods™ Propane 2 Mantle Night Lantern w/ Hanging Hook, 400 Lumen",60.99,45.49,3.3,076-5608-6,75.0
290,"MotoMaster Chlorinated Brake Parts Cleaner, 525-g",14.99,12.74,4.2,038-0097-2,85.0
291,"MASTER Chef Stoneware Brie Baker, Navy Blue",19.99,7.99,5.0,142-7201-2,40.0
292,"type A Wire Bath Caddy, Black",29.99,19.99,3.7,063-4810-8,67.0
293,"Mastercraft 7-Function, 19 Range Digital Multimeter",36.99,18.49,3.9,052-0060-2,50.0
294,FRANK Reusable Roller Sponge Mop with Scrub Brush,21.99,12.99,3.3,142-3434-2,59.0
295,"Adam's Polishes Car Tire Shine Spray, 473-mL",21.99,19.79,4.4,039-0556-8,90.0
296,"Type A Rust-Resistant Adjustable Shelves Tension Pole Shower Caddy, with Hooks",69.99,48.99,3.3,063-4806-0,70.0
297,"IAMS Proactive Health Original with Chicken Adult Dry Cat Food, 3.2-kg",26.49,23.84,4.7,042-5237-8,90.0
298,"Stoner Invisible Glass Premium Car Glass Cleaner Wipes, 28-pk",10.99,9.89,3.8,039-0433-0,90.0
299,"Turtle Wax Super Hard Shell Paste Wax, 397-g",11.99,10.79,4.4,039-2898-2,90.0
300,"Mothers California Gold Pure Brazilian Car Carnauba Wax, Step 3, 473-mL",25.99,23.39,4.7,039-2863-4,90.0
301,"Globe Electric Ultra-Slim Round LED Warm White Recessed Lighting Kit, 6-in, White Trim",30.99,21.99,4.8,052-9532-6,71.0
302,"MASTER Chef Food Prep Bowls, 6-pk",11.99,5.99,4.1,142-4994-2,50.0
303,"Petco Cozy Cuddler Plush Dog Bed, Washable, 20-in x 22-in, Cream",39.99,35.99,4.3,142-9483-8,90.0
304,"IAMS Proactive Health™ Minichunks Adult Dry Dog Food, 6.8-kg",31.99,28.79,4.6,042-5213-4,90.0
305,type A Oversized Bath Caddy,37.99,24.99,3.4,063-4808-6,66.0
306,"Mothers California Gold Carnauba Car Wash & Wax, 1.89-L",19.99,17.99,4.6,039-4583-8,90.0
307,"Liquid-Plumr Pro Strength Clog Remover with Pipe Guard, Assorted Sizes",7.49,6.74,4.4,053-0384X,90.0
308,"PADERNO Professional Uncoated Aluminum Large Baking Slide, 16 x 14-in",49.99,29.99,4.7,142-4876-4,60.0
309,"Turtle Wax Max Power Car Wash, 2.95-L",18.99,17.09,4.3,039-4599-2,90.0
310,"Battery Tender Junior Smart Battery Charger/Maintainer, 0.75-Amp, 12V",49.99,44.99,4.6,011-1940-0,90.0
311,"Mothers CMX Ceramic Car Wash & Coat,",21.99,19.79,3.4,039-0798-2,90.0
312,"Raleigh Easy-Squeeze Bike Water Bottle w/Cage/Holder, Transculent, 600-mL",18.99,16.09,2.8,073-3088-0,85.0
313,"Goo Gone Goo and Adhesive Remover Spray Gel, 355-mL",10.99,9.89,4.3,053-0180-4,90.0
314,"Drano Max Gel Pro Strength Drain Cleaner & Clog Remover, 900-ml",6.49,5.84,3.9,053-0398-8,90.0
315,Starfrit Manual Deli Slicer with Stainless Steel Blade,69.99,39.99,4.4,142-6403-8,57.0
316,"Turtle Wax Hybrid Solutions Graphene Acrylic Tire Shine, 769-mL",19.99,17.99,4.1,039-3664-2,90.0
317,"Prestone Heavy-Duty 50/50 Premixed Anti-Freeze/Coolant, 3.78-L",28.99,24.64,4.5,029-4118-2,85.0
318,"Turtle Wax Hybrid Solutions Hyper Foam Wheel Cleaner & Tire Prep, 769-mL",17.99,16.19,4.3,039-3665-0,90.0
319,"Armor All Original Car Protectant Wipes, 30-pk",11.99,10.79,4.1,039-2514-6,90.0
320,"Drano Foamer Clog Remover, 500-mL",6.99,6.29,3.9,053-0923-8,90.0
321,"Mothers California Gold Brazilian Carnauba Car Cleaner Wax, 340-g",19.99,17.99,4.6,039-2867-6,90.0
322,"Outbound Men's Cargo Shorts with Large Pockets, Tan",34.99,24.99,4.0,187-3520X,71.0
323,"Adam's Polishes Rubber Mat & Liner Cleaner, 473-mL",21.99,19.79,4.2,039-3670-6,90.0
324,"Mothers California Gold Car Clay Kit, 4-pc",38.99,35.09,4.6,039-2869-2,90.0
325,"Starfrit Balance Digital LCD Display Glass Bathroom Scale/Weight Scale, Black",29.99,17.99,3.7,063-6307-6,60.0
326,"PADERNO Professional Uncoated Aluminum Round Pizza Crisper Pan, 16-in",44.99,26.99,4.1,142-4872-2,60.0
327,"IAMS Proactive Health™ Chicken & Whole Grains ReciPe PuPPy Dry Dog Food, 6.8-kg",31.99,28.79,4.6,042-6120-8,90.0
328,"Turtle Wax Hybrid Solutions Ceramic Acrylic Car Black Polish, 414-mL",28.99,26.09,4.6,039-0550-0,90.0
329,"CANVAS Harbour Canvas Lining Basket with Metal Structure, 18 x 13.5 x 12-in",32.99,26.39,4.2,142-2273-0,80.0
330,"Mothers Back to Black Car Trim & Plastic Restorer, 355-mL",14.99,13.49,4.4,039-0473-4,90.0
331,"Stp 17437 Ultra 5-in-1 Fuel System Cleaner, 443-mL",24.99,22.49,4.6,038-8019-2,90.0
332,type A Aluminum Bath Caddy,47.99,31.99,3.5,063-4801-0,67.0
333,"Sta-Bil Storage Fuel Stabilizer Treatment, 236-mL",13.99,12.59,4.7,038-0907-6,90.0
334,"Turtle Wax Super Hard Shell Liquid Wax, 473-mL",9.99,8.99,4.5,039-2858-8,90.0
335,"Turtle Wax Quick & Easy Car Interior Detailer, 680-mL",10.99,9.89,4.1,039-0825-8,90.0
336,"Prestone Heavy-Duty Pickups & SUVs Concentrated Anti-Freeze/Coolant, 3.78-L",30.99,26.34,4.1,029-4119-0,85.0
337,"Goo Gone Professional Grade Goo and Adhesive Remover, 236-mL",11.99,10.79,4.7,053-0150-6,90.0
338,"Cerama Bryte Ceramic Cooktop Cleaner, Biodegradeable, 650-mL",9.49,8.54,4.5,053-0328-6,90.0
339,"Adam's Polishes GrapheneInfused Car Detailer Spray, 473-mL",25.99,23.39,4.7,039-0846-8,90.0
340,Starfrit Spiralizer Spiral Slicer with 3 Stainless Steel Blades,41.99,24.99,4.2,142-3508-8,60.0
341,"Dry Shine Back to Black Car Tire Renew Spray, 710-mL",14.99,13.49,4.0,039-0752-0,90.0
342,"PADERNO Professional Uncoated Aluminum Round Cake Pan, 9-in",33.99,19.99,4.7,142-4875-6,59.0
343,"FRANK Large Swift-Tie Organic Waste Bags, 30-pk, 90-L",8.99,6.74,3.9,042-9820-4,75.0
344,"Planters Delicately Seasoned Dry Roasted Peanuts Jar, 454-g",6.49,5.99,4.8,051-4616-0,92.0
345,"Pedigree Vitality+ Hearty Beef and Vegetable Flavour Adult Dry Dog Food, 8-kg",25.99,23.39,4.5,042-6719-6,90.0
346,"Mothers Calfornia Gold Instant Car Detailer Spray, 473-mL",14.99,13.49,4.7,039-0474-2,90.0
347,"Starfrit High Precision Pocket Scale, 500-g",24.99,15.99,3.7,142-3754-0,64.0
348,"Milk-Bone Small Dog Biscuits Dog Treats, 800-g",5.29,4.76,4.9,142-9999-2,90.0
349,"Turtle Wax Hybrid Solutions Car Ceramic Acrylic Black Wax Spray, 473-mL",24.99,22.49,4.4,039-0551-8,90.0
350,"Mothers Car Headlight Restoration Kit, 5-pc",31.99,28.79,4.1,039-2895-8,90.0
351,"Yukon Thompson Hunting Duffle Bag, Camo, 74-L",59.99,35.99,5.0,275-9318-8,60.0
352,"Turtle Wax Hybrid Solutions Car Ceramic Coating Spray, 473-mL",28.99,26.09,4.7,039-1018-4,90.0
353,"SuperClean Tough Task Car Cleaner and Degreaser Spray, 946-mL",13.99,12.59,4.6,039-2965-2,90.0
354,"Turtle Wax Hybrid Solutions Ceramic Car Wash & Wax, 1.42-L",23.99,21.59,3.9,039-0511-4,90.0
355,"Mean Green Super Strength Cleaner, 32-oz",7.79,7.01,4.8,053-2054-4,90.0
356,"Mobil ATF+4 Automatic Transmission Fluid/ATF, 1-L",15.99,14.39,4.6,028-1519-8,90.0
357,"Stoner Invisible Glass Premium Car Glass Cleaner Spray, 643-mL",10.99,9.89,4.5,039-0808-0,90.0
358,"Milk-Bone Dipped Peanut Butter Flavour Dog Treats, 850-g",11.99,10.79,4.3,142-9998-4,90.0
359,"Adam's Polishes Car Interior Detailer Spray, with Microban, 473-mL",21.99,19.79,4.4,039-0552-6,90.0
360,Starfrit Balance Digital LCD Display Glass Body Fat Scale/Bathroom Scale/Weight Scale,69.99,39.99,3.4,063-8757-2,57.0
361,"IAMS Chicken & Whole Grains Mature Adult Dry Dog Food, 6.8-kg",31.99,28.79,4.5,142-1994-0,90.0
362,"Maxwell House House Blend K-Cup Pods, 30-pk",19.99,18.99,4.7,153-2079-8,95.0
363,"Turtle Wax Car Bug & Tar Remover Spray, 473-mL",12.99,11.69,3.8,039-3617-6,90.0
364,"IAMS Large Breed Adult Dry Dog Food, 6.8-kg",31.99,28.79,4.5,042-5221-4,90.0
365,"Scotts Turf Builder Pro Lawn Fertilizer, 400-m2",24.99,22.49,4.3,059-2292-4,90.0
366,"Adam's Polishes Car Wheel/Rim Cleaner Spray, 473-mL",21.99,19.79,4.4,039-0557-6,90.0
367,"Adam's Polishes Car Detailer Spray, 473-mL",23.99,21.59,4.8,039-0553-4,90.0
368,"Turtle Wax Hybrid Solutions One-N-Done Ceramic Liquid Polish & Wax, 473-mL",26.99,24.29,4.2,039-1017-6,90.0
369,"Prolab PL-100 Multi-Purpose Penetrating Lubricant, Antifriction, 170-g",16.99,15.29,4.7,038-8085-2,90.0
370,"Purina® Tidy Cats® Lightweight Multi-Cat Clumping Cat Litter with Glade® Clean Blossoms™, 2.72-kg",14.99,13.49,4.1,142-5676-4,90.0
371,"Mothers California Gold Micro Polishing Glaze Ultimate Car Wax System, Step 2, 473-mL",16.99,15.29,4.7,039-2859-6,90.0
372,"Mobil Delvac™ 1™ ESP Emission System Protection CK-4 0W40 Synthetic Diesel Engine/Motor Oil, 3.78-L",51.99,43.99,4.9,028-9938-2,85.0
373,"CANVAS Piper Basket, Black, 13.5 x 11.4 x 8.8-in",11.99,9.59,4.8,042-9920-6,80.0
374,"IAMS Proactive Health Indoor Weight & Hairball Care Adult Dry Cat Food, 3.2-kg",26.49,23.84,4.5,142-4064-6,90.0
375,"Mothers California Gold Synthetic Car Liquid Wax, 473-mL",15.99,14.39,4.6,039-2870-6,90.0
376,"Manna Bottle Brush with Anti-Scratch Bristles, Assorted",11.99,5.99,4.3,142-3699-2,50.0
377,"Turtle Wax Car Headlight Restoration Kit, 7-pc",18.99,17.09,4.1,039-2718-2,90.0
378,"Mothers California Gold Pure Brazilian Car Carnauba Cleaner Wax, 473-mL",13.99,12.59,4.6,039-2868-4,90.0
379,"Planters Lightly Salted Cashews Tin, 200-g",7.99,5.99,4.8,051-3368-6,75.0
380,"Mothers Ultimate Hybrid™ Ceramic Wax, 473-mL",29.99,26.99,4.4,039-3669-2,90.0
381,"Pedigree Vitality+ Roasted Chicken and Vegetable Flavour Adult Dry Dog Food, 8-kg",25.99,23.39,4.2,042-6425-4,90.0
382,"Mothers California Gold Chrome Polish, 355-mL",10.99,9.89,4.5,039-2967-8,90.0
383,"STP Super Concentrated Fuel Injector Cleaner, 155-mL",9.99,8.99,4.4,038-0765-2,90.0
384,"Adam's Polishes Car Wash Shampoo, 473-mL",14.99,13.49,4.9,039-0554-2,90.0
385,"CANVAS Willow Rectangular Wooden TC Fabric Basket Set, 4-pc",36.99,29.59,4.4,142-9041-0,80.0
386,"STP Fuel Injector & Carburetor Cleaner, 155-mL",9.99,8.99,4.5,038-0758-0,90.0
387,"Turtle Wax Hybrid Solutions Pro Graphene Infused Car Flex Wax Spray, 680-mL",39.99,35.99,4.5,039-0843-4,90.0
388,"STP 18017G Small Engine Treatment with Octane Booster, 60-mL",6.99,6.29,4.5,038-8076-4,90.0
389,"Purina Beneful® Originals Salmon Adult Dry Dog Food, 12.7-kg",48.99,43.99,4.4,142-1034-6,90.0
390,"STP Foaming Cleaner & Engine Degreaser Spray, 946-mL",13.99,12.59,4.1,038-0401-8,90.0
391,Raleigh Alloy Water Bottle and Bike Cage,16.99,14.39,3.2,073-0577-4,85.0
392,"Turtle Wax Scratch Repair & Renew with Heal and Seal Technology, 207-mL",18.99,17.09,3.6,039-0548-8,90.0
393,"Starfrit Slim Glass Kitchen Scale, 5-kg, Assorted",24.99,14.99,3.2,042-8554-4,60.0
394,"STP All Season Water Remover Fuel Additive, 155-mL",9.99,8.99,4.4,038-0751-4,90.0
395,"Turtle Wax Hybrid Solutions Ceramic & Graphene Car Wax Paste, 156-g",51.99,46.79,4.9,039-3666-8,90.0
396,"Petco EveryYay Snooze Fest Calming Faux Fur Dog Bed, 18-in x 18-in, Grey/Cream",34.99,31.49,4.5,142-6543-4,90.0
397,"IAMS Proactive Health Original Adult Dry Cat Food with Salmon, 3.2-kg",26.49,23.84,4.7,142-5024-6,90.0
398,"Drano Kitchen Granules Drain Cleaner & Clog Remover, 500-g",9.99,8.99,4.0,053-0302-6,90.0
399,"STP Complete Fuel System Cleaner, 155-mL",16.99,15.29,4.6,038-0144-0,90.0
400,"Mothers CMX Car Ceramic Coating Spray, 710-mL",25.99,23.39,4.2,039-6552-0,90.0
401,"Kleen-Flo Diesel Fuel Conditioner, 1-L",9.99,8.99,4.6,038-0850-8,90.0
402,"STP 17112 Octane Booster Fuel Additive, 155-mL",8.99,8.09,4.6,038-0791-8,90.0
403,Fiskars Folding Produce Knife,24.99,12.49,4.7,059-1355-2,50.0
404,"Mothers California Gold Pure Polish Ulitmate Car Wax System, Step 1, 473-mL",15.99,14.39,4.4,039-1023-0,90.0
405,Fiskars Hand-Held Soil Block Maker,29.99,14.99,4.6,059-1352-8,50.0
406,"TrustyPup Anti-Slip Roundabout Pet Bed, Washable, Assorted Colours",54.99,49.49,4.3,042-8797-6,90.0
407,"Mothers Polished Aluminum Car Wheel/Rim Cleaner Spray, 710-mL",16.99,15.29,4.0,039-0744-0,90.0
408,"STP 17991 Diesel Particulate Filter Concentrated Cleaner, 200-mL",19.99,17.99,2.6,038-8074-8,90.0
409,"Yukon Gear Annapolis Hunting Camouflage Daypack/Backpack, Realtree Edge, 29-L",64.99,38.99,4.2,275-9316-2,60.0
410,"CANVAS Cape Round Hand Woven Basket, 15.75 x 17.71-in",49.99,39.99,4.4,142-2253-8,80.0
411,"Globe Electric Smart-Slim Round LED Complete Colour Control Recessed Lighting Kit, 4-in, White Trim",49.99,36.99,2.8,052-9790-0,74.0
412,"Yukon Gear Bromont Hunting Day Backpack, Camo, Realtree Edge, 21-L",59.99,35.99,4.5,275-9315-4,60.0
413,"Outbound Men's Cargo Shorts with Large Pockets, Green",34.99,24.99,3.0,187-3528X,71.0
414,"IAMS™ Advanced Health™ Healthy Digestion Chicken and Whole Grain Recipe Dry Dog Food, 6.12-kg",31.99,28.79,4.6,142-9962-8,90.0
415,"Raleigh High Flow Valve Bike Water Bottle, Black",37.99,32.29,3.3,073-3632-4,85.0
416,"Raleigh Lightweight Bike Water Bottle w/Cap & Cage/Holder, BPA Free, Grey, 650-mL",20.99,17.79,3.2,073-3079-2,85.0
417,"Power Service Diesel Fuel Supplement + Cetane Boost, 473-mL",13.99,12.59,4.8,038-8047-4,90.0
418,"Planters Deluxe Salted Mixed Nuts 40% Cashews Tin, 200-g",7.99,5.99,3.7,051-4418-2,75.0
419,"Planters Salted Mixed Nuts 60% Peanuts Tin, 250-g",7.49,5.99,4.5,051-4113-6,80.0
420,"Tear-N-Clean Microfibre Cloth Roll, Machine Washable, Yellow, 80-pc",35.99,28.79,0.0,039-6598-2,80.0
421,"Woods DOG-WOOD Soft Plaid Folding Dog Camp Mat, 38.6-in x 31.1-in, Blue",45.99,32.99,0.0,076-6425-4,72.0
422,"Woods Dogwood Travel Dog Bed, Polyester, Indoor, Blue, One-Size",51.99,38.99,0.0,076-6423-8,75.0
423,"Lavazza Crema Gustos, Nespresso Compatible Capsules, 10-pk, 50-g",7.99,5.99,1.0,153-4327-6,75.0
424,"Snaplock Food Storage Container Set with Airtight Seal, 20-pc",49.99,24.99,0.0,142-7295-8,50.0
425,Vida By PADERNO Reusable Food Grade Silicone Snack Bag,16.99,9.99,0.0,142-7289-4,59.0
426,Mothers® California Gold 3 Clay Bars Complete Kit,29.99,26.99,0.0,039-7054-0,90.0
427,"SIMONIZ Car Care Clean & Car Wash Kit, 5-pc",59.99,44.99,2.0,039-7066-2,75.0
428,Adam's Polishes Large Cockpit Car Interior Cleaning Brush,24.99,22.49,0.0,039-6560-0,90.0
429,"Outbound Men's UPF Stretch Fit Short Sleeve Rashguard, Grey/Blue",34.99,21.99,0.0,187-3376X,63.0
430,"Snaptop Food Storage Container Set with Lids, 24-pc",18.99,14.99,0.0,142-7262-6,79.0
431,"Snaptop Food Storage Container Set with Lids, 52-pc",31.99,24.99,0.0,142-7263-4,78.0
432,"Woods PAW-THORN Collapsible Waterproof Dog Bowls, Camping and Travel, 2-Pack, 2-L each",20.99,14.99,0.0,076-6426-2,71.0
433,Turtle Wax Hybrid Solutions Scratch Repair Kit for Auto Exterior Surface,38.99,35.09,0.0,039-7072-6,90.0
434,Adam's Polishes Rubberized Custom-Molded Wheel Brush w/ Dense Bristles,24.99,22.49,5.0,039-6558-8,90.0
435,"Drano Balance Quick Acting Drain Cleaner & Clog Remover, 900-mL",7.99,7.19,4.6,153-1875-8,90.0
436,Outbound Women's UPF Full Zip Long Sleeve Rashguard,44.99,29.99,0.0,187-3368X,67.0
437,"Adam's Polishes Non-Foaming Carpet & Upholstery Cleaner, Fragrance-Free, 16-oz",19.99,17.99,4.0,039-6096-6,90.0
438,"Drylock Clear Pantry Food Storage Container with Airtight Seal, 3-pk",29.99,23.99,0.0,142-7260-0,80.0
439,"Turtle Wax Hybrid Solutions Graphene Pure Shine Misting Detailer for Auto Exterior Surface, 473 mL",26.99,24.29,0.0,039-7071-8,90.0
440,"Yardworks Dry Seal Heavy DutyGarden Hose with Crush Proof Couplings, 75-ft",74.99,39.99,3.5,159-1907-2,53.0
441,"Lavazza Rossa Nespresso Compatible Capsules, 10-pk, 50-g",7.99,5.99,1.0,153-4326-8,75.0
442,"Woods O'HARA Packable Water Filter Straw, 757-L",32.99,24.49,0.0,076-6456-0,74.0
443,"Woods BPA-Free Camping Water Bottle with Filter, 750-mL",52.99,39.49,0.0,076-6457-8,75.0
444,"Outbound Women's UPF Stretch Fit Short Sleeve Rashguard, Navy Blue",39.99,24.99,0.0,187-3372X,62.0
445,"Vida by PADERNO Clear Food Storage Container Set with Leakproof Seal, 20-pc",69.99,34.99,0.0,142-7284-4,50.0
446,Scosche 100W Portable Power Inverter,44.99,29.99,0.0,011-2056-0,67.0
447,"Tear-N-Clean Microfibre Cloth Roll, Machine Washable, Yellow, 80-pc",35.99,28.79,0.0,039-6598-2,80.0
448,"Woods DOG-WOOD Soft Plaid Folding Dog Camp Mat, 38.6-in x 31.1-in, Blue",45.99,32.99,0.0,076-6425-4,72.0
449,"Woods Dogwood Travel Dog Bed, Polyester, Indoor, Blue, One-Size",51.99,38.99,0.0,076-6423-8,75.0
450,"Lavazza Crema Gustos, Nespresso Compatible Capsules, 10-pk, 50-g",7.99,5.99,1.0,153-4327-6,75.0
451,"Snaplock Food Storage Container Set with Airtight Seal, 20-pc",49.99,24.99,0.0,142-7295-8,50.0
452,Vida By PADERNO Reusable Food Grade Silicone Snack Bag,16.99,9.99,0.0,142-7289-4,59.0
453,Mothers® California Gold 3 Clay Bars Complete Kit,29.99,26.99,0.0,039-7054-0,90.0
454,"SIMONIZ Car Care Clean & Car Wash Kit, 5-pc",59.99,44.99,2.0,039-7066-2,75.0
455,Adam's Polishes Large Cockpit Car Interior Cleaning Brush,24.99,22.49,0.0,039-6560-0,90.0
456,"Adam's Polishes Interior Detailer with Microban, Cedarwood, 473-mL",21.99,19.79,4.4,039-6548-2,90.0
457,"Outbound Men's UPF Stretch Fit Short Sleeve Rashguard, Mallard Blue",34.99,21.99,0.0,187-3380X,63.0
458,Vida By PADERNO Reusable Food Grade Silicone Sandwich Bag,19.99,11.99,0.0,142-7288-6,60.0
459,"Turtle Wax Hybrid Solutions Ceramic & Graphene Inside Job for Auto Interior, 591-mL",14.99,13.49,5.0,039-7070-0,90.0
460,"Adam's Polishes Single Soft Multi-Purpose Microfiber Towel, 480 GSM, 16-in x 16-in, White",17.99,16.19,5.0,039-6549-0,90.0
